{
  "hash": "83418d0d",
  "configHash": "37fca888",
  "lockfileHash": "84928721",
  "browserHash": "1c3733f8",
  "optimized": {
    "@angular/common": {
      "src": "../../../../../../node_modules/@angular/common/fesm2022/common.mjs",
      "file": "@angular_common.js",
      "fileHash": "5a03d8cb",
      "needsInterop": false
    },
    "@angular/common/http": {
      "src": "../../../../../../node_modules/@angular/common/fesm2022/http.mjs",
      "file": "@angular_common_http.js",
      "fileHash": "d27da1be",
      "needsInterop": false
    },
    "@angular/core": {
      "src": "../../../../../../node_modules/@angular/core/fesm2022/core.mjs",
      "file": "@angular_core.js",
      "fileHash": "fb6810db",
      "needsInterop": false
    },
    "@angular/fire/app": {
      "src": "../../../../../../node_modules/@angular/fire/fesm2022/angular-fire-app.mjs",
      "file": "@angular_fire_app.js",
      "fileHash": "d58d3e8a",
      "needsInterop": false
    },
    "@angular/fire/auth": {
      "src": "../../../../../../node_modules/@angular/fire/fesm2022/angular-fire-auth.mjs",
      "file": "@angular_fire_auth.js",
      "fileHash": "53a9a467",
      "needsInterop": false
    },
    "@angular/fire/firestore": {
      "src": "../../../../../../node_modules/@angular/fire/fesm2022/angular-fire-firestore.mjs",
      "file": "@angular_fire_firestore.js",
      "fileHash": "cb00ac1e",
      "needsInterop": false
    },
    "@angular/forms": {
      "src": "../../../../../../node_modules/@angular/forms/fesm2022/forms.mjs",
      "file": "@angular_forms.js",
      "fileHash": "b14d14b2",
      "needsInterop": false
    },
    "@angular/platform-browser": {
      "src": "../../../../../../node_modules/@angular/platform-browser/fesm2022/platform-browser.mjs",
      "file": "@angular_platform-browser.js",
      "fileHash": "dd6b38bd",
      "needsInterop": false
    },
    "@angular/router": {
      "src": "../../../../../../node_modules/@angular/router/fesm2022/router.mjs",
      "file": "@angular_router.js",
      "fileHash": "0a6da32b",
      "needsInterop": false
    },
    "rxjs": {
      "src": "../../../../../../node_modules/rxjs/dist/esm5/index.js",
      "file": "rxjs.js",
      "fileHash": "121c8a9f",
      "needsInterop": false
    },
    "rxjs/operators": {
      "src": "../../../../../../node_modules/rxjs/dist/esm5/operators/index.js",
      "file": "rxjs_operators.js",
      "fileHash": "c04e9367",
      "needsInterop": false
    }
  },
  "chunks": {
    "chunk-UFJOMTL2": {
      "file": "chunk-UFJOMTL2.js"
    },
    "chunk-7TZCR4YF": {
      "file": "chunk-7TZCR4YF.js"
    },
    "chunk-BM4Z7YEQ": {
      "file": "chunk-BM4Z7YEQ.js"
    },
    "chunk-VM6Q4O3O": {
      "file": "chunk-VM6Q4O3O.js"
    },
    "chunk-F34G3SKA": {
      "file": "chunk-F34G3SKA.js"
    },
    "chunk-SRVJSTUA": {
      "file": "chunk-SRVJSTUA.js"
    },
    "chunk-DSTDGJCZ": {
      "file": "chunk-DSTDGJCZ.js"
    },
    "chunk-XIU6NJD3": {
      "file": "chunk-XIU6NJD3.js"
    },
    "chunk-4QVQXYJD": {
      "file": "chunk-4QVQXYJD.js"
    }
  }
}